country_code,country_name,state_code,state_name,city_name,external_code
IN,India,MH,Maharashtra,Ahmadnagar,251548
IN,India,MH,Maharashtra,Akola,251312
IN,India,MH,Maharashtra,Amravati,251328
IN,India,MH,Maharashtra,Aurangabad,251428
IN,India,MH,Maharashtra,Bhiwandi,251477
IN,India,MH,Maharashtra,Chandrapur,248082
IN,India,MH,Maharashtra,Dhule,251282
IN,India,MH,Maharashtra,Greater Mumbai,251488
IN,India,MH,Maharashtra,Ichalkaranji,251619
IN,India,MH,Maharashtra,Jalgaon,276571
IN,India,MH,Maharashtra,Jalna,251423
IN,India,MH,Maharashtra,Kalyan-Dombivli,251483
IN,India,MH,Maharashtra,Kolhapur,251625
IN,India,MH,Maharashtra,Latur,251561
IN,India,MH,Maharashtra,Malegaon,251438
IN,India,MH,Maharashtra,Mira-Bhayandar,251470
IN,India,MH,Maharashtra,Nagpur,251362
IN,India,MH,Maharashtra,Nanded-Waghala,251401
IN,India,MH,Maharashtra,Nashik,251442
IN,India,MH,Maharashtra,Navi Mumbai,251472
IN,India,MH,Maharashtra,Panvel,251492
IN,India,MH,Maharashtra,Parbhani,251416
IN,India,MH,Maharashtra,Pimpri Chinchwad,251528
IN,India,MH,Maharashtra,Pune,251530
IN,India,MH,Maharashtra,Sangli-Miraj Kupwad,251639
IN,India,MH,Maharashtra,Solapur,251577
IN,India,MH,Maharashtra,Thane,251471
IN,India,MH,Maharashtra,Ulhasnagar,251484
IN,India,MH,Maharashtra,Vasai-Virar,251463
IN,India,MH,Maharashtra,Achalpur,251323
IN,India,MH,Maharashtra,Ahmadpur,251562
IN,India,MH,Maharashtra,Akkalkot,251581
IN,India,MH,Maharashtra,Akluj,300383
IN,India,MH,Maharashtra,Akot,251310
IN,India,MH,Maharashtra,Alandi,251521
IN,India,MH,Maharashtra,Alibag,251503
IN,India,MH,Maharashtra,Amalner,251294
IN,India,MH,Maharashtra,Ambad,251424
IN,India,MH,Maharashtra,Ambajogai,251560
IN,India,MH,Maharashtra,Ambarnath,251485
IN,India,MH,Maharashtra,Amgaon,276364
IN,India,MH,Maharashtra,Anjangaon,251322
IN,India,MH,Maharashtra,Arni,259703
IN,India,MH,Maharashtra,Arvi,251332
IN,India,MH,Maharashtra,Ashta,251634
IN,India,MH,Maharashtra,Ausa,251563
IN,India,MH,Maharashtra,Badlapur,251486
IN,India,MH,Maharashtra,Balapur,251311
IN,India,MH,Maharashtra,Ballarpur,251381
IN,India,MH,Maharashtra,Baramati,251536
IN,India,MH,Maharashtra,Barshi,251576
IN,India,MH,Maharashtra,Basmath,251413
IN,India,MH,Maharashtra,Bhadgaon,253140
IN,India,MH,Maharashtra,Bhadravati,251375
IN,India,MH,Maharashtra,Bhagur,251444
IN,India,MH,Maharashtra,Bhandara,248078
IN,India,MH,Maharashtra,Bhokar,259697
IN,India,MH,Maharashtra,Bhokardan,251422
IN,India,MH,Maharashtra,Bhor,251535
IN,India,MH,Maharashtra,Bhum,251567
IN,India,MH,Maharashtra,Bhusawal,251290
IN,India,MH,Maharashtra,Bid,251557
IN,India,MH,Maharashtra,Biloli,251406
IN,India,MH,Maharashtra,Brahmapuri,251373
IN,India,MH,Maharashtra,Buldana,251305
IN,India,MH,Maharashtra,Chakan,251520
IN,India,MH,Maharashtra,Chalisgaon,251296
IN,India,MH,Maharashtra,Chandur,251330
IN,India,MH,Maharashtra,Chandurbazar,251324
IN,India,MH,Maharashtra,Chandwad,276281
IN,India,MH,Maharashtra,Chikhaldara,276634
IN,India,MH,Maharashtra,Chikhli,251304
IN,India,MH,Maharashtra,Chimur,265713
IN,India,MH,Maharashtra,Chiplun,251602
IN,India,MH,Maharashtra,Chopda,251283
IN,India,MH,Maharashtra,Dahanu,251451
IN,India,MH,Maharashtra,Darwha,251389
IN,India,MH,Maharashtra,Daryapur Banosa,251329
IN,India,MH,Maharashtra,Dattapur Dhamangaon,251331
IN,India,MH,Maharashtra,Daund,251531
IN,India,MH,Maharashtra,Deglur,251410
IN,India,MH,Maharashtra,Deolali Pravara,251552
IN,India,MH,Maharashtra,Deoli,251337
IN,India,MH,Maharashtra,Deulgaon Raja,251306
IN,India,MH,Maharashtra,Dharangaon,251293
IN,India,MH,Maharashtra,Dharmabad,251404
IN,India,MH,Maharashtra,Digdoh Devi Municipal Council,303127
IN,India,MH,Maharashtra,Digras,251390
IN,India,MH,Maharashtra,Dondaicha-Warwade,251281
IN,India,MH,Maharashtra,Dudhani,251583
IN,India,MH,Maharashtra,Erandol,251292
IN,India,MH,Maharashtra,Faizpur,251285
IN,India,MH,Maharashtra,Fursungi Uruli Devachi,303134
IN,India,MH,Maharashtra,Gadchandur Nagar Parishad,265791
IN,India,MH,Maharashtra,Gadhinglaj,251631
IN,India,MH,Maharashtra,Gangakhed,251420
IN,India,MH,Maharashtra,Gangapur,251432
IN,India,MH,Maharashtra,Georai,251555
IN,India,MH,Maharashtra,Ghatanji,251394
IN,India,MH,Maharashtra,Ghugus,298902
IN,India,MH,Maharashtra,Gondiya,251371
IN,India,MH,Maharashtra,Hadgaon,251399
IN,India,MH,Maharashtra,Hinganghat,251338
IN,India,MH,Maharashtra,Hingoli,251411
IN,India,MH,Maharashtra,Hiwarkhed,303119
IN,India,MH,Maharashtra,Hupari,276296
IN,India,MH,Maharashtra,Igatpuri,251445
IN,India,MH,Maharashtra,Indapur,251537
IN,India,MH,Maharashtra,Jalgaon - Jamod,251298
IN,India,MH,Maharashtra,Jamkhed,251554
IN,India,MH,Maharashtra,Jamner,253139
IN,India,MH,Maharashtra,Jath,259699
IN,India,MH,Maharashtra,Jawhar,251453
IN,India,MH,Maharashtra,Jaysingpur,251621
IN,India,MH,Maharashtra,Jejuri,251533
IN,India,MH,Maharashtra,Jintur,251415
IN,India,MH,Maharashtra,Junnar,251516
IN,India,MH,Maharashtra,Kagal,251628
IN,India,MH,Maharashtra,Kalamb,251568
IN,India,MH,Maharashtra,Kalameshwar,251342
IN,India,MH,Maharashtra,Kalamnuri,251412
IN,India,MH,Maharashtra,Kamptee,251356
IN,India,MH,Maharashtra,Kandhar,251408
IN,India,MH,Maharashtra,Kanhan - Pipri,251350
IN,India,MH,Maharashtra,Kannad,251426
IN,India,MH,Maharashtra,Karad,251598
IN,India,MH,Maharashtra,Karanja,251318
IN,India,MH,Maharashtra,Karjat,251498
IN,India,MH,Maharashtra,Karmala,251574
IN,India,MH,Maharashtra,Katol,251341
IN,India,MH,Maharashtra,Khamgaon,251302
IN,India,MH,Maharashtra,Khapa,251345
IN,India,MH,Maharashtra,Khed,251601
IN,India,MH,Maharashtra,Khopoli,251501
IN,India,MH,Maharashtra,Khuldabad,251430
IN,India,MH,Maharashtra,Kille Dharur,251558
IN,India,MH,Maharashtra,Kinwat,251398
IN,India,MH,Maharashtra,Kopargaon,251540
IN,India,MH,Maharashtra,Kundalwadi,251405
IN,India,MH,Maharashtra,Kurduvadi,251575
IN,India,MH,Maharashtra,Kurundvad,251622
IN,India,MH,Maharashtra,Loha,251407
IN,India,MH,Maharashtra,Lonar,251308
IN,India,MH,Maharashtra,Lonavala,251526
IN,India,MH,Maharashtra,Mahabaleshwar,251584
IN,India,MH,Maharashtra,Mahad,251513
IN,India,MH,Maharashtra,Mahalung Shripur,298893
IN,India,MH,Maharashtra,Maindargi,251582
IN,India,MH,Maharashtra,Majalgaon,251556
IN,India,MH,Maharashtra,Malkapur,251301
IN,India,MH,Maharashtra,Malkapur-Kolhapur,251614
IN,India,MH,Maharashtra,Malwan,251610
IN,India,MH,Maharashtra,Mangalvedhe,251580
IN,India,MH,Maharashtra,Mangrulpir,251317
IN,India,MH,Maharashtra,Manmad,251440
IN,India,MH,Maharashtra,Manwath,251417
IN,India,MH,Maharashtra,Matheran,251497
IN,India,MH,Maharashtra,Mehkar,251303
IN,India,MH,Maharashtra,Mhaswad,251589
IN,India,MH,Maharashtra,Mohol,276301
IN,India,MH,Maharashtra,Mohpa,251343
IN,India,MH,Maharashtra,Morshi,251325
IN,India,MH,Maharashtra,Mowad,251339
IN,India,MH,Maharashtra,Mudkhed,251402
IN,India,MH,Maharashtra,Mukhed,251409
IN,India,MH,Maharashtra,Mul,251382
IN,India,MH,Maharashtra,Municipal Council Armori,297866
IN,India,MH,Maharashtra,Municipal Council Desaiganj ( Wadsa),248081
IN,India,MH,Maharashtra,Municipal Council Gadchiroli,248080
IN,India,MH,Maharashtra,Murgud,251629
IN,India,MH,Maharashtra,Murtijapur,251315
IN,India,MH,Maharashtra,Murud,251504
IN,India,MH,Maharashtra,Murum,251572
IN,India,MH,Maharashtra,Nagbhid Muncipal Council,276361
IN,India,MH,Maharashtra,Naldurg,251571
IN,India,MH,Maharashtra,Nandgaon,251439
IN,India,MH,Maharashtra,Nandura,251300
IN,India,MH,Maharashtra,Nandurbar,251278
IN,India,MH,Maharashtra,Narkhed,251340
IN,India,MH,Maharashtra,Nawapur,251279
IN,India,MH,Maharashtra,Ner Nababpur,259704
IN,India,MH,Maharashtra,Nilanga,251564
IN,India,MH,Maharashtra,Osmanabad,251569
IN,India,MH,Maharashtra,Pachora,251297
IN,India,MH,Maharashtra,Paithan,251433
IN,India,MH,Maharashtra,Palghar,251460
IN,India,MH,Maharashtra,Palus,276350
IN,India,MH,Maharashtra,Panchgani,251585
IN,India,MH,Maharashtra,Pandharkawda,251395
IN,India,MH,Maharashtra,Pandharpur,297006
IN,India,MH,Maharashtra,Panhala,251615
IN,India,MH,Maharashtra,Paranda,251566
IN,India,MH,Maharashtra,Parli,251559
IN,India,MH,Maharashtra,Parola,251295
IN,India,MH,Maharashtra,Partur,251425
IN,India,MH,Maharashtra,Pathardi,251546
IN,India,MH,Maharashtra,Pathri,251418
IN,India,MH,Maharashtra,Patur,251316
IN,India,MH,Maharashtra,Pauni,248077
IN,India,MH,Maharashtra,Pen,251502
IN,India,MH,Maharashtra,Peth Umri,251403
IN,India,MH,Maharashtra,Phaltan,251588
IN,India,MH,Maharashtra,Pimpalgaon Baswant,303075
IN,India,MH,Maharashtra,Pulgaon,251336
IN,India,MH,Maharashtra,Purna,251421
IN,India,MH,Maharashtra,Pusad,251391
IN,India,MH,Maharashtra,Rahimatpur,251590
IN,India,MH,Maharashtra,Rahta Pimplas,251543
IN,India,MH,Maharashtra,Rahuri,251551
IN,India,MH,Maharashtra,Rajapur,251608
IN,India,MH,Maharashtra,Rajgurunagar,296912
IN,India,MH,Maharashtra,Rajura,251384
IN,India,MH,Maharashtra,Ramtek,251353
IN,India,MH,Maharashtra,Ratnagiri,251605
IN,India,MH,Maharashtra,Raver,251287
IN,India,MH,Maharashtra,Risod,251320
IN,India,MH,Maharashtra,Roha Ashtami,251506
IN,India,MH,Maharashtra,Sailu,251414
IN,India,MH,Maharashtra,Sakoli,276319
IN,India,MH,Maharashtra,Sangamner,251539
IN,India,MH,Maharashtra,Sangole,251579
IN,India,MH,Maharashtra,Sasvad,251532
IN,India,MH,Maharashtra,Satana,251435
IN,India,MH,Maharashtra,Satara,251593
IN,India,MH,Maharashtra,Savda,251286
IN,India,MH,Maharashtra,Savner,251344
IN,India,MH,Maharashtra,Sawantwadi,251613
IN,India,MH,Maharashtra,Shahade,251277
IN,India,MH,Maharashtra,Shegaon,251299
IN,India,MH,Maharashtra,Shendurjana,251327
IN,India,MH,Maharashtra,Shevgaon,276331
IN,India,MH,Maharashtra,Shirol,276635
IN,India,MH,Maharashtra,Shirpur-Warwade,251280
IN,India,MH,Maharashtra,Shirur,251518
IN,India,MH,Maharashtra,Shrigonda,251553
IN,India,MH,Maharashtra,Shrirampur,251544
IN,India,MH,Maharashtra,Shrivardhan,251511
IN,India,MH,Maharashtra,Sillod Municipal Council,297092
IN,India,MH,Maharashtra,Sindi,251333
IN,India,MH,Maharashtra,Sindkhed Raja,251307
IN,India,MH,Maharashtra,Sinnar,251447
IN,India,MH,Maharashtra,Sonpeth,251419
IN,India,MH,Maharashtra,Talegaon Dabhade,251522
IN,India,MH,Maharashtra,Talode,251275
IN,India,MH,Maharashtra,Tasgaon,251636
IN,India,MH,Maharashtra,Telhara,251309
IN,India,MH,Maharashtra,Tirora,251370
IN,India,MH,Maharashtra,Trimbak,251441
IN,India,MH,Maharashtra,Tuljapur,251570
IN,India,MH,Maharashtra,Tumsar,248079
IN,India,MH,Maharashtra,Udgir,251565
IN,India,MH,Maharashtra,Umarga,251573
IN,India,MH,Maharashtra,Umarkhed,251393
IN,India,MH,Maharashtra,Umred,251366
IN,India,MH,Maharashtra,Uran,251491
IN,India,MH,Maharashtra,Uran Islampur,251633
IN,India,MH,Maharashtra,Vadgaon Kasba,251616
IN,India,MH,Maharashtra,Vaijapur,251431
IN,India,MH,Maharashtra,Varangaon,276273
IN,India,MH,Maharashtra,Vengurla,251611
IN,India,MH,Maharashtra,Vita,251635
IN,India,MH,Maharashtra,Wadgaon,277475
IN,India,MH,Maharashtra,Wadi,251359
IN,India,MH,Maharashtra,Wai,251586
IN,India,MH,Maharashtra,Wanadongri,251363
IN,India,MH,Maharashtra,Wani,251397
IN,India,MH,Maharashtra,Wardha,251334
IN,India,MH,Maharashtra,Warora,251376
IN,India,MH,Maharashtra,Warud,251326
IN,India,MH,Maharashtra,Washim,251319
IN,India,MH,Maharashtra,Yavatmal,251386
IN,India,MH,Maharashtra,Yawal,251284
IN,India,MH,Maharashtra,Yevla,251450
IN,India,MH,Maharashtra,Aheri,276327
IN,India,MH,Maharashtra,Ajara,251630
IN,India,MH,Maharashtra,Akole,275728
IN,India,MH,Maharashtra,Angar,300382
IN,India,MH,Maharashtra,Ardhapur,258020
IN,India,MH,Maharashtra,Arjuni,276366
IN,India,MH,Maharashtra,Ashti,275734
IN,India,MH,Maharashtra,Ashti (Wardha),276380
IN,India,MH,Maharashtra,Atpadi,300410
IN,India,MH,Maharashtra,Aundha Nagnath,296909
IN,India,MH,Maharashtra,Babhulgaon Nagar Panchayat,272842
IN,India,MH,Maharashtra,Badnapur,276369
IN,India,MH,Maharashtra,Bahadura Nagar Panchayat,301085
IN,India,MH,Maharashtra,Barshitakli,276332
IN,India,MH,Maharashtra,Besa Pipla Nagar Panchayat,301078
IN,India,MH,Maharashtra,Bhamragad,276283
IN,India,MH,Maharashtra,Bhatkuli,276290
IN,India,MH,Maharashtra,Bhisi,300392
IN,India,MH,Maharashtra,Bhiwapur,263363
IN,India,MH,Maharashtra,Bidgaon Tarodi Khurd Pandhurna,303126
IN,India,MH,Maharashtra,Bodwad,276272
IN,India,MH,Maharashtra,Butibori,277411
IN,India,MH,Maharashtra,Chakur,276375
IN,India,MH,Maharashtra,Chamorshi,276329
IN,India,MH,Maharashtra,Chandgad.,290433
IN,India,MH,Maharashtra,Dahiwadi,276417
IN,India,MH,Maharashtra,Dapoli Camp,251599
IN,India,MH,Maharashtra,Dehu,298888
IN,India,MH,Maharashtra,Deola,276277
IN,India,MH,Maharashtra,Deoni (Bk),276377
IN,India,MH,Maharashtra,Deori,276363
IN,India,MH,Maharashtra,Devgad-Jamsande,276321
IN,India,MH,Maharashtra,Devrukh,259684
IN,India,MH,Maharashtra,Dhadgaon,276345
IN,India,MH,Maharashtra,Dhanki,290430
IN,India,MH,Maharashtra,Dhanora,276284
IN,India,MH,Maharashtra,Dharni,276292
IN,India,MH,Maharashtra,Dindori,276276
IN,India,MH,Maharashtra,Etapalli,276330
IN,India,MH,Maharashtra,Fulambri,276353
IN,India,MH,Maharashtra,Ghansawangi,276370
IN,India,MH,Maharashtra,Godhani Railway,303128
IN,India,MH,Maharashtra,Gondpimpri,276358
IN,India,MH,Maharashtra,Goregaon,251510
IN,India,MH,Maharashtra,Guhagar,251604
IN,India,MH,Maharashtra,Hatkanangale.,290434
IN,India,MH,Maharashtra,Himayatnagar Nagarpanchayat,276606
IN,India,MH,Maharashtra,Hingna,263362
IN,India,MH,Maharashtra,Jafrabad,276372
IN,India,MH,Maharashtra,Jalkot,276373
IN,India,MH,Maharashtra,Jiwati,276355
IN,India,MH,Maharashtra,Kadegaon.,290358
IN,India,MH,Maharashtra,Kaij,259696
IN,India,MH,Maharashtra,Kalamb Nagar Panchayat,266073
IN,India,MH,Maharashtra,Kalwan,276278
IN,India,MH,Maharashtra,Kandri Kanhan Nagar Panchayat,301086
IN,India,MH,Maharashtra,Kankavli,251609
IN,India,MH,Maharashtra,Karanja Wardha,276633
IN,India,MH,Maharashtra,Kasai Dodamarg,263884
IN,India,MH,Maharashtra,Kavthemahankal,276346
IN,India,MH,Maharashtra,Khalapur,276267
IN,India,MH,Maharashtra,Khanapur,276348
IN,India,MH,Maharashtra,Khandala,276383
IN,India,MH,Maharashtra,Kondhali,303129
IN,India,MH,Maharashtra,Korchi,305207
IN,India,MH,Maharashtra,Koregaon,276381
IN,India,MH,Maharashtra,Korpana,276357
IN,India,MH,Maharashtra,Kudal,251612
IN,India,MH,Maharashtra,Kuhi Nagar Parishad,263364
IN,India,MH,Maharashtra,Kurkheda,276286
IN,India,MH,Maharashtra,Lakhandur,276324
IN,India,MH,Maharashtra,Lakhani,276323
IN,India,MH,Maharashtra,Lanja,251607
IN,India,MH,Maharashtra,Lohara (Bk),276313
IN,India,MH,Maharashtra,Lonand,276414
IN,India,MH,Maharashtra,Madha,276302
IN,India,MH,Maharashtra,Mahadula,251358
IN,India,MH,Maharashtra,Mahagaon,276309
IN,India,MH,Maharashtra,Mahur,258024
IN,India,MH,Maharashtra,Malegaon Budruk,300394
IN,India,MH,Maharashtra,Malshiras,276303
IN,India,MH,Maharashtra,Manchar,300391
IN,India,MH,Maharashtra,Mandangad,276295
IN,India,MH,Maharashtra,Mangaon,276268
IN,India,MH,Maharashtra,Manora,276294
IN,India,MH,Maharashtra,Mantha,276371
IN,India,MH,Maharashtra,Maregaon,276310
IN,India,MH,Maharashtra,Medha,276415
IN,India,MH,Maharashtra,Mhasla,251512
IN,India,MH,Maharashtra,Mohadi,276325
IN,India,MH,Maharashtra,Mokhada,276317
IN,India,MH,Maharashtra,Motala,276275
IN,India,MH,Maharashtra,Mouda,259672
IN,India,MH,Maharashtra,Muktainagar,276421
IN,India,MH,Maharashtra,Mulchera,276287
IN,India,MH,Maharashtra,Murbad,251487
IN,India,MH,Maharashtra,Naigaon (Khairgaon),276623
IN,India,MH,Maharashtra,Nandgaon Khandeshwar,276291
IN,India,MH,Maharashtra,Natepute,300384
IN,India,MH,Maharashtra,Nevasa,276320
IN,India,MH,Maharashtra,NIldoh,303130
IN,India,MH,Maharashtra,Niphad,276279
IN,India,MH,Maharashtra,Palam,276297
IN,India,MH,Maharashtra,Pali,300027
IN,India,MH,Maharashtra,Parner,275730
IN,India,MH,Maharashtra,Parshivni,276305
IN,India,MH,Maharashtra,Patan,251596
IN,India,MH,Maharashtra,Patoda.,275732
IN,India,MH,Maharashtra,Peth,276280
IN,India,MH,Maharashtra,Pimpalner Nagar Pnchayat,303133
IN,India,MH,Maharashtra,Poladpur,276636
IN,India,MH,Maharashtra,Pombhurna,276359
IN,India,MH,Maharashtra,Ralegaon,276308
IN,India,MH,Maharashtra,Renapur,276376
IN,India,MH,Maharashtra,Sadak-Arjuni,276368
IN,India,MH,Maharashtra,Sakri,276339
IN,India,MH,Maharashtra,Salekasa,276365
IN,India,MH,Maharashtra,Samudrapur,276379
IN,India,MH,Maharashtra,Sangrampur,276274
IN,India,MH,Maharashtra,Saoli,276356
IN,India,MH,Maharashtra,Seloo,276378
IN,India,MH,Maharashtra,Sengaon,296910
IN,India,MH,Maharashtra,Shahapur,276333
IN,India,MH,Maharashtra,Shendurni,277413
IN,India,MH,Maharashtra,Shirala,276349
IN,India,MH,Maharashtra,Shirdi,251542
IN,India,MH,Maharashtra,Shirur-Anantpal,276374
IN,India,MH,Maharashtra,Shirur Kasar,275726
IN,India,MH,Maharashtra,Sindewahi,276362
IN,India,MH,Maharashtra,Sindhakeda,259701
IN,India,MH,Maharashtra,Sironcha,276288
IN,India,MH,Maharashtra,Soyagaon,251436
IN,India,MH,Maharashtra,Surgana,251434
IN,India,MH,Maharashtra,Tala,276270
IN,India,MH,Maharashtra,Talasari,276315
IN,India,MH,Maharashtra,Tiwsa,276289
IN,India,MH,Maharashtra,Vabhave Vaibhavwadi Nagar Panchayat,263834
IN,India,MH,Maharashtra,Vadgaon Mawal,276637
IN,India,MH,Maharashtra,Vaduj,276416
IN,India,MH,Maharashtra,Vairag,300385
IN,India,MH,Maharashtra,Vikramgad,276316
IN,India,MH,Maharashtra,Wada,276318
IN,India,MH,Maharashtra,Wadvani,275731
IN,India,MH,Maharashtra,Washi,276312
IN,India,MH,Maharashtra,Yerkheda,303131
IN,India,MH,Maharashtra,Zari Zamani,272845
